track_name,track_artist,playlist_genre,playlist_subgenre,track_popularity,segment_name
I Don't Care (with Justin Bieber) - Loud Luxury Remix,Ed Sheeran,pop,dance pop,66,Segment 0 – High-Energy Dance / Latin-dominant
Todavia,La Factoria,latin,reggaeton,69,Segment 0 – High-Energy Dance / Latin-dominant
TTM (feat. Wiz Khalifa & NGHTMRE),PnB Rock,r&b,urban contemporary,63,Segment 0 – High-Energy Dance / Latin-dominant
Glad You Came,The Wanted,pop,post-teen pop,71,Segment 0 – High-Energy Dance / Latin-dominant
Not Ok - Frank Walker Remix,Kygo,edm,electro house,66,Segment 0 – High-Energy Dance / Latin-dominant
Not Ok - Frank Walker Remix,Kygo,pop,dance pop,66,Segment 0 – High-Energy Dance / Latin-dominant
Not Ok - Frank Walker Remix,Kygo,edm,big room,66,Segment 0 – High-Energy Dance / Latin-dominant
Love Me,Felix Cartal,pop,indie poptimism,60,Segment 0 – High-Energy Dance / Latin-dominant
Love Me,Felix Cartal,pop,electropop,60,Segment 0 – High-Energy Dance / Latin-dominant
Love Me,Felix Cartal,edm,progressive electro house,60,Segment 0 – High-Energy Dance / Latin-dominant
